{
	"info": {
		"_postman_id": "6fe7696d-c304-452e-a80b-5555fe8704e3",
		"name": "BookStore API",
		"schema": "https://schema.getpostman.com/json/collection/v2.1.0/collection.json",
		"_exporter_id": "44593128",
		"_collection_link": "https://mehmet-4650534.postman.co/workspace/Mehmet-'s-Workspace~1e6a7a36-39dc-452c-8895-db0418e7713b/collection/44593128-6fe7696d-c304-452e-a80b-5555fe8704e3?action=share&source=collection_link&creator=44593128"
	},
	"item": [
		{
			"name": "Author Resource",
			"item": [
				{
					"name": "Add author with valid details",
					"request": {
						"method": "POST",
						"header": [],
						"body": {
							"mode": "raw",
							"raw": "{\"name\": \"John Smith\",\r\n\"biography\": \"John Smith's life\"}",
							"options": {
								"raw": {
									"language": "json"
								}
							}
						},
						"url": {
							"raw": "http://localhost:8080/w2046446_Bookstore_CW/rest/authors",
							"protocol": "http",
							"host": [
								"localhost"
							],
							"port": "8080",
							"path": [
								"w2046446_Bookstore_CW",
								"rest",
								"authors"
							]
						}
					},
					"response": []
				},
				{
					"name": "Add author with missing details",
					"request": {
						"method": "POST",
						"header": [],
						"body": {
							"mode": "raw",
							"raw": "{ \"biography\": \"No name provided\" }",
							"options": {
								"raw": {
									"language": "json"
								}
							}
						},
						"url": {
							"raw": "http://localhost:8080/w2046446_Bookstore_CW/rest/authors",
							"protocol": "http",
							"host": [
								"localhost"
							],
							"port": "8080",
							"path": [
								"w2046446_Bookstore_CW",
								"rest",
								"authors"
							]
						}
					},
					"response": []
				},
				{
					"name": "Get all authors",
					"request": {
						"method": "GET",
						"header": [],
						"url": {
							"raw": "http://localhost:8080/w2046446_Bookstore_CW/rest/authors",
							"protocol": "http",
							"host": [
								"localhost"
							],
							"port": "8080",
							"path": [
								"w2046446_Bookstore_CW",
								"rest",
								"authors"
							]
						}
					},
					"response": []
				},
				{
					"name": "Get author with valid ID",
					"request": {
						"method": "GET",
						"header": [],
						"url": {
							"raw": "http://localhost:8080/w2046446_Bookstore_CW/rest/authors/1",
							"protocol": "http",
							"host": [
								"localhost"
							],
							"port": "8080",
							"path": [
								"w2046446_Bookstore_CW",
								"rest",
								"authors",
								"1"
							]
						}
					},
					"response": []
				},
				{
					"name": "Get author with invalid ID",
					"request": {
						"method": "GET",
						"header": [],
						"url": {
							"raw": "http://localhost:8080/w2046446_Bookstore_CW/rest/authors/464",
							"protocol": "http",
							"host": [
								"localhost"
							],
							"port": "8080",
							"path": [
								"w2046446_Bookstore_CW",
								"rest",
								"authors",
								"464"
							]
						}
					},
					"response": []
				},
				{
					"name": "Get books with valid author ID",
					"request": {
						"method": "GET",
						"header": [],
						"url": {
							"raw": "http://localhost:8080/w2046446_Bookstore_CW/rest/authors/2/books",
							"protocol": "http",
							"host": [
								"localhost"
							],
							"port": "8080",
							"path": [
								"w2046446_Bookstore_CW",
								"rest",
								"authors",
								"2",
								"books"
							]
						}
					},
					"response": []
				},
				{
					"name": "Get Books with invalid author ID",
					"request": {
						"method": "GET",
						"header": [],
						"url": {
							"raw": "http://localhost:8080/w2046446_Bookstore_CW/rest/authors/464/books",
							"protocol": "http",
							"host": [
								"localhost"
							],
							"port": "8080",
							"path": [
								"w2046446_Bookstore_CW",
								"rest",
								"authors",
								"464",
								"books"
							]
						}
					},
					"response": []
				},
				{
					"name": "Update author with valid details",
					"request": {
						"method": "PUT",
						"header": [],
						"body": {
							"mode": "raw",
							"raw": "{\"name\":\"John Bob\",\r\n\"biography\": \"John Bob's Life\"}",
							"options": {
								"raw": {
									"language": "json"
								}
							}
						},
						"url": {
							"raw": "http://localhost:8080/w2046446_Bookstore_CW/rest/authors/1",
							"protocol": "http",
							"host": [
								"localhost"
							],
							"port": "8080",
							"path": [
								"w2046446_Bookstore_CW",
								"rest",
								"authors",
								"1"
							]
						}
					},
					"response": []
				},
				{
					"name": "Update author with invalid ID",
					"request": {
						"method": "PUT",
						"header": [],
						"body": {
							"mode": "raw",
							"raw": "{\"name\":\"John Bob\",\r\n\"biography\": \"John Bob's Life\"}\r\n",
							"options": {
								"raw": {
									"language": "json"
								}
							}
						},
						"url": {
							"raw": "http://localhost:8080/w2046446_Bookstore_CW/rest/authors/999",
							"protocol": "http",
							"host": [
								"localhost"
							],
							"port": "8080",
							"path": [
								"w2046446_Bookstore_CW",
								"rest",
								"authors",
								"999"
							]
						}
					},
					"response": []
				},
				{
					"name": "Update author without name",
					"request": {
						"method": "PUT",
						"header": [],
						"body": {
							"mode": "raw",
							"raw": "{\r\n\"biography\": \"John Bob's Life\"}\r\n",
							"options": {
								"raw": {
									"language": "json"
								}
							}
						},
						"url": {
							"raw": "http://localhost:8080/w2046446_Bookstore_CW/rest/authors/1",
							"protocol": "http",
							"host": [
								"localhost"
							],
							"port": "8080",
							"path": [
								"w2046446_Bookstore_CW",
								"rest",
								"authors",
								"1"
							]
						}
					},
					"response": []
				},
				{
					"name": "Delete author with valid ID",
					"request": {
						"method": "DELETE",
						"header": [],
						"url": {
							"raw": "http://localhost:8080/w2046446_Bookstore_CW/rest/authors/1",
							"protocol": "http",
							"host": [
								"localhost"
							],
							"port": "8080",
							"path": [
								"w2046446_Bookstore_CW",
								"rest",
								"authors",
								"1"
							]
						}
					},
					"response": []
				},
				{
					"name": "Delete author with invalid ID",
					"request": {
						"method": "DELETE",
						"header": [],
						"url": {
							"raw": "http://localhost:8080/w2046446_Bookstore_CW/rest/authors/464",
							"protocol": "http",
							"host": [
								"localhost"
							],
							"port": "8080",
							"path": [
								"w2046446_Bookstore_CW",
								"rest",
								"authors",
								"464"
							]
						}
					},
					"response": []
				}
			]
		},
		{
			"name": "Book Resource",
			"item": [
				{
					"name": "Create book with valid data",
					"request": {
						"method": "POST",
						"header": [],
						"body": {
							"mode": "raw",
							"raw": "{ \"title\": \"1984\", \"author\": { \"id\": 1 }, \"isbn\": \"1234567890\", \"publicationYear\": 1949, \"price\": 15.99, \"stockQuantity\": 10 }",
							"options": {
								"raw": {
									"language": "json"
								}
							}
						},
						"url": {
							"raw": "http://localhost:8080/w2046446_Bookstore_CW/rest/books",
							"protocol": "http",
							"host": [
								"localhost"
							],
							"port": "8080",
							"path": [
								"w2046446_Bookstore_CW",
								"rest",
								"books"
							]
						}
					},
					"response": []
				},
				{
					"name": "Create book with missing title",
					"request": {
						"method": "POST",
						"header": [],
						"body": {
							"mode": "raw",
							"raw": "{ \"author\": { \"id\": 1 }, \"isbn\": \"1234567890\", \"publicationYear\": 1949, \"price\": 15.99, \"stockQuantity\": 10 }",
							"options": {
								"raw": {
									"language": "json"
								}
							}
						},
						"url": {
							"raw": "http://localhost:8080/w2046446_Bookstore_CW/rest/books",
							"protocol": "http",
							"host": [
								"localhost"
							],
							"port": "8080",
							"path": [
								"w2046446_Bookstore_CW",
								"rest",
								"books"
							]
						}
					},
					"response": []
				},
				{
					"name": "Create book with invalid future year",
					"request": {
						"method": "POST",
						"header": [],
						"body": {
							"mode": "raw",
							"raw": "{ \"title\": \"Future Book\", \"author\": { \"id\": 1 }, \"isbn\": \"0987654321\", \"publicationYear\": 2099, \"price\": 10, \"stockQuantity\": 5 }",
							"options": {
								"raw": {
									"language": "json"
								}
							}
						},
						"url": {
							"raw": "http://localhost:8080/w2046446_Bookstore_CW/rest/books",
							"protocol": "http",
							"host": [
								"localhost"
							],
							"port": "8080",
							"path": [
								"w2046446_Bookstore_CW",
								"rest",
								"books"
							]
						}
					},
					"response": []
				},
				{
					"name": "Create book with negative price",
					"request": {
						"method": "POST",
						"header": [],
						"body": {
							"mode": "raw",
							"raw": "{ \"title\": \"Negative\", \"author\": { \"id\": 1 }, \"isbn\": \"000111222\", \"publicationYear\": 2020, \"price\": -5, \"stockQuantity\": 5 }",
							"options": {
								"raw": {
									"language": "json"
								}
							}
						},
						"url": {
							"raw": "http://localhost:8080/w2046446_Bookstore_CW/rest/books",
							"protocol": "http",
							"host": [
								"localhost"
							],
							"port": "8080",
							"path": [
								"w2046446_Bookstore_CW",
								"rest",
								"books"
							]
						}
					},
					"response": []
				},
				{
					"name": "Creating book with invalid author ID",
					"request": {
						"method": "POST",
						"header": [],
						"body": {
							"mode": "raw",
							"raw": "{ \"title\": \"1984\", \"author\": { \"id\": 66667 }, \"isbn\": \"1234567890\", \"publicationYear\": 1949, \"price\": 15.99, \"stockQuantity\": 10 }",
							"options": {
								"raw": {
									"language": "json"
								}
							}
						},
						"url": {
							"raw": "http://localhost:8080/w2046446_Bookstore_CW/rest/books",
							"protocol": "http",
							"host": [
								"localhost"
							],
							"port": "8080",
							"path": [
								"w2046446_Bookstore_CW",
								"rest",
								"books"
							]
						}
					},
					"response": []
				},
				{
					"name": "Get all books",
					"request": {
						"method": "GET",
						"header": [],
						"url": {
							"raw": "http://localhost:8080/w2046446_Bookstore_CW/rest/books",
							"protocol": "http",
							"host": [
								"localhost"
							],
							"port": "8080",
							"path": [
								"w2046446_Bookstore_CW",
								"rest",
								"books"
							]
						}
					},
					"response": []
				},
				{
					"name": "Get book by valid ID",
					"request": {
						"method": "GET",
						"header": [],
						"url": {
							"raw": "http://localhost:8080/w2046446_Bookstore_CW/rest/books/1",
							"protocol": "http",
							"host": [
								"localhost"
							],
							"port": "8080",
							"path": [
								"w2046446_Bookstore_CW",
								"rest",
								"books",
								"1"
							]
						}
					},
					"response": []
				},
				{
					"name": "Get book by invalid ID",
					"request": {
						"method": "GET",
						"header": [],
						"url": {
							"raw": "http://localhost:8080/w2046446_Bookstore_CW/rest/books/999",
							"protocol": "http",
							"host": [
								"localhost"
							],
							"port": "8080",
							"path": [
								"w2046446_Bookstore_CW",
								"rest",
								"books",
								"999"
							]
						}
					},
					"response": []
				},
				{
					"name": "Update book with valid data",
					"request": {
						"method": "PUT",
						"header": [],
						"body": {
							"mode": "raw",
							"raw": "{ \"title\": \"Updated Title\", \"author\": { \"id\": 2 }, \"isbn\": \"1111111111\", \"publicationYear\": 2000, \"price\": 12.99, \"stockQuantity\": 5 }",
							"options": {
								"raw": {
									"language": "json"
								}
							}
						},
						"url": {
							"raw": "http://localhost:8080/w2046446_Bookstore_CW/rest/books/1",
							"protocol": "http",
							"host": [
								"localhost"
							],
							"port": "8080",
							"path": [
								"w2046446_Bookstore_CW",
								"rest",
								"books",
								"1"
							]
						}
					},
					"response": []
				},
				{
					"name": "Update non-existent book",
					"request": {
						"method": "PUT",
						"header": [],
						"body": {
							"mode": "raw",
							"raw": "{ \"title\": \"Updated Title\", \"author\": { \"id\": 2 }, \"isbn\": \"1111111111\", \"publicationYear\": 2000, \"price\": 12.99, \"stockQuantity\": 5 }",
							"options": {
								"raw": {
									"language": "json"
								}
							}
						},
						"url": {
							"raw": "http://localhost:8080/w2046446_Bookstore_CW/rest/books/999",
							"protocol": "http",
							"host": [
								"localhost"
							],
							"port": "8080",
							"path": [
								"w2046446_Bookstore_CW",
								"rest",
								"books",
								"999"
							]
						}
					},
					"response": []
				},
				{
					"name": "Update book with invalid details",
					"request": {
						"method": "PUT",
						"header": [],
						"body": {
							"mode": "raw",
							"raw": "{ \"title\": \"Updated Title\", \"author\": { \"id\": 2 }, \"isbn\": \"1111111111\", \"publicationYear\": 2067, \"price\": 12.99, \"stockQuantity\": 5 }",
							"options": {
								"raw": {
									"language": "json"
								}
							}
						},
						"url": {
							"raw": "http://localhost:8080/w2046446_Bookstore_CW/rest/books/1",
							"protocol": "http",
							"host": [
								"localhost"
							],
							"port": "8080",
							"path": [
								"w2046446_Bookstore_CW",
								"rest",
								"books",
								"1"
							]
						}
					},
					"response": []
				},
				{
					"name": "Delete book by valid ID",
					"request": {
						"method": "DELETE",
						"header": [],
						"url": {
							"raw": "http://localhost:8080/w2046446_Bookstore_CW/rest/books/1",
							"protocol": "http",
							"host": [
								"localhost"
							],
							"port": "8080",
							"path": [
								"w2046446_Bookstore_CW",
								"rest",
								"books",
								"1"
							]
						}
					},
					"response": []
				},
				{
					"name": "Delete book by invalid ID",
					"request": {
						"method": "DELETE",
						"header": [],
						"url": {
							"raw": "http://localhost:8080/w2046446_Bookstore_CW/rest/books/999",
							"protocol": "http",
							"host": [
								"localhost"
							],
							"port": "8080",
							"path": [
								"w2046446_Bookstore_CW",
								"rest",
								"books",
								"999"
							]
						}
					},
					"response": []
				}
			]
		},
		{
			"name": "Customer Resource",
			"item": [
				{
					"name": "Create customer with valid data",
					"request": {
						"method": "POST",
						"header": [],
						"body": {
							"mode": "raw",
							"raw": "{ \"name\": \"Alice Smith\", \"email\": \"alice@example.com\", \"password\": \"pass1234\" }",
							"options": {
								"raw": {
									"language": "json"
								}
							}
						},
						"url": {
							"raw": "http://localhost:8080/w2046446_Bookstore_CW/rest/customers",
							"protocol": "http",
							"host": [
								"localhost"
							],
							"port": "8080",
							"path": [
								"w2046446_Bookstore_CW",
								"rest",
								"customers"
							]
						}
					},
					"response": []
				},
				{
					"name": "Create customer with missing fields",
					"request": {
						"method": "POST",
						"header": [],
						"body": {
							"mode": "raw",
							"raw": "\t{ \"email\": \"incomplete@example.com\", \"password\": \"nopass\" }",
							"options": {
								"raw": {
									"language": "json"
								}
							}
						},
						"url": {
							"raw": "http://localhost:8080/w2046446_Bookstore_CW/rest/customers",
							"protocol": "http",
							"host": [
								"localhost"
							],
							"port": "8080",
							"path": [
								"w2046446_Bookstore_CW",
								"rest",
								"customers"
							]
						}
					},
					"response": []
				},
				{
					"name": "Get all customers",
					"request": {
						"method": "GET",
						"header": [],
						"url": {
							"raw": "http://localhost:8080/w2046446_Bookstore_CW/rest/customers",
							"protocol": "http",
							"host": [
								"localhost"
							],
							"port": "8080",
							"path": [
								"w2046446_Bookstore_CW",
								"rest",
								"customers"
							]
						}
					},
					"response": []
				},
				{
					"name": "Get customer by valid ID",
					"request": {
						"method": "GET",
						"header": [],
						"url": {
							"raw": "http://localhost:8080/w2046446_Bookstore_CW/rest/customers/1",
							"protocol": "http",
							"host": [
								"localhost"
							],
							"port": "8080",
							"path": [
								"w2046446_Bookstore_CW",
								"rest",
								"customers",
								"1"
							]
						}
					},
					"response": []
				},
				{
					"name": "Get customer by invalid ID",
					"request": {
						"method": "GET",
						"header": [],
						"url": {
							"raw": "http://localhost:8080/w2046446_Bookstore_CW/rest/customers/999",
							"protocol": "http",
							"host": [
								"localhost"
							],
							"port": "8080",
							"path": [
								"w2046446_Bookstore_CW",
								"rest",
								"customers",
								"999"
							]
						}
					},
					"response": []
				},
				{
					"name": "Update customer with valid data",
					"request": {
						"method": "PUT",
						"header": [],
						"body": {
							"mode": "raw",
							"raw": "{ \"name\": \"Leo Messi\", \"email\": \"leo@example.com\", \"password\": \"newpass\" }",
							"options": {
								"raw": {
									"language": "json"
								}
							}
						},
						"url": {
							"raw": "http://localhost:8080/w2046446_Bookstore_CW/rest/customers/1",
							"protocol": "http",
							"host": [
								"localhost"
							],
							"port": "8080",
							"path": [
								"w2046446_Bookstore_CW",
								"rest",
								"customers",
								"1"
							]
						}
					},
					"response": []
				},
				{
					"name": "Update non-existent customer",
					"request": {
						"method": "PUT",
						"header": [],
						"body": {
							"mode": "raw",
							"raw": "{ \"name\": \"Ghost\", \"email\": \"ghost@example.com\", \"password\": \"ghostpass\" }",
							"options": {
								"raw": {
									"language": "json"
								}
							}
						},
						"url": {
							"raw": "http://localhost:8080/w2046446_Bookstore_CW/rest/customers/999",
							"protocol": "http",
							"host": [
								"localhost"
							],
							"port": "8080",
							"path": [
								"w2046446_Bookstore_CW",
								"rest",
								"customers",
								"999"
							]
						}
					},
					"response": []
				},
				{
					"name": "Update customer with valid data",
					"request": {
						"method": "PUT",
						"header": [],
						"body": {
							"mode": "raw",
							"raw": "{ \"name\": \"Leo Messi\", \"email\": \"leo@example.com\"}",
							"options": {
								"raw": {
									"language": "json"
								}
							}
						},
						"url": {
							"raw": "http://localhost:8080/w2046446_Bookstore_CW/rest/customers/1",
							"protocol": "http",
							"host": [
								"localhost"
							],
							"port": "8080",
							"path": [
								"w2046446_Bookstore_CW",
								"rest",
								"customers",
								"1"
							]
						}
					},
					"response": []
				},
				{
					"name": "Delete customer by valid ID",
					"request": {
						"method": "DELETE",
						"header": [],
						"url": {
							"raw": "http://localhost:8080/w2046446_Bookstore_CW/rest/customers/1",
							"protocol": "http",
							"host": [
								"localhost"
							],
							"port": "8080",
							"path": [
								"w2046446_Bookstore_CW",
								"rest",
								"customers",
								"1"
							]
						}
					},
					"response": []
				},
				{
					"name": "Delete customer by invalid ID",
					"request": {
						"method": "DELETE",
						"header": [],
						"url": {
							"raw": "http://localhost:8080/w2046446_Bookstore_CW/rest/customers/999",
							"protocol": "http",
							"host": [
								"localhost"
							],
							"port": "8080",
							"path": [
								"w2046446_Bookstore_CW",
								"rest",
								"customers",
								"999"
							]
						}
					},
					"response": []
				}
			]
		},
		{
			"name": "Cart Resource",
			"item": [
				{
					"name": "Add valid item to cart",
					"request": {
						"method": "POST",
						"header": [],
						"body": {
							"mode": "raw",
							"raw": "{ \"bookId\": 2, \"quantity\": 2 }",
							"options": {
								"raw": {
									"language": "json"
								}
							}
						},
						"url": {
							"raw": "http://localhost:8080/w2046446_Bookstore_CW/rest/customers/1/cart/items",
							"protocol": "http",
							"host": [
								"localhost"
							],
							"port": "8080",
							"path": [
								"w2046446_Bookstore_CW",
								"rest",
								"customers",
								"1",
								"cart",
								"items"
							]
						}
					},
					"response": []
				},
				{
					"name": "Add item with invalid book ID",
					"request": {
						"method": "POST",
						"header": [],
						"body": {
							"mode": "raw",
							"raw": "{ \"bookId\": 999, \"quantity\": 1 }",
							"options": {
								"raw": {
									"language": "json"
								}
							}
						},
						"url": {
							"raw": "http://localhost:8080/w2046446_Bookstore_CW/rest/customers/1/cart/items",
							"protocol": "http",
							"host": [
								"localhost"
							],
							"port": "8080",
							"path": [
								"w2046446_Bookstore_CW",
								"rest",
								"customers",
								"1",
								"cart",
								"items"
							]
						}
					},
					"response": []
				},
				{
					"name": "Add item with out-of-stock quantity",
					"request": {
						"method": "POST",
						"header": [],
						"body": {
							"mode": "raw",
							"raw": "{ \"bookId\": 2, \"quantity\": 9999 }",
							"options": {
								"raw": {
									"language": "json"
								}
							}
						},
						"url": {
							"raw": "http://localhost:8080/w2046446_Bookstore_CW/rest/customers/1/cart/items",
							"protocol": "http",
							"host": [
								"localhost"
							],
							"port": "8080",
							"path": [
								"w2046446_Bookstore_CW",
								"rest",
								"customers",
								"1",
								"cart",
								"items"
							]
						}
					},
					"response": []
				},
				{
					"name": "Add item for non-existent customer",
					"request": {
						"method": "POST",
						"header": [],
						"body": {
							"mode": "raw",
							"raw": "{ \"bookId\": 2, \r\n\"quantity\": 1 }\r\n",
							"options": {
								"raw": {
									"language": "json"
								}
							}
						},
						"url": {
							"raw": "http://localhost:8080/w2046446_Bookstore_CW/rest/customers/999/cart/items",
							"protocol": "http",
							"host": [
								"localhost"
							],
							"port": "8080",
							"path": [
								"w2046446_Bookstore_CW",
								"rest",
								"customers",
								"999",
								"cart",
								"items"
							]
						}
					},
					"response": []
				},
				{
					"name": "Get cart contents for valid customer",
					"request": {
						"method": "GET",
						"header": [],
						"url": {
							"raw": "http://localhost:8080/w2046446_Bookstore_CW/rest/customers/1/cart/",
							"protocol": "http",
							"host": [
								"localhost"
							],
							"port": "8080",
							"path": [
								"w2046446_Bookstore_CW",
								"rest",
								"customers",
								"1",
								"cart",
								""
							]
						}
					},
					"response": []
				},
				{
					"name": "Get cart  for invalid  customer",
					"request": {
						"method": "GET",
						"header": [],
						"url": {
							"raw": "http://localhost:8080/w2046446_Bookstore_CW/rest/customers/999/cart/",
							"protocol": "http",
							"host": [
								"localhost"
							],
							"port": "8080",
							"path": [
								"w2046446_Bookstore_CW",
								"rest",
								"customers",
								"999",
								"cart",
								""
							]
						}
					},
					"response": []
				},
				{
					"name": "Update quantity of existing book in cart",
					"request": {
						"method": "PUT",
						"header": [],
						"body": {
							"mode": "raw",
							"raw": "{ \"quantity\": 3 }",
							"options": {
								"raw": {
									"language": "json"
								}
							}
						},
						"url": {
							"raw": "http://localhost:8080/w2046446_Bookstore_CW/rest/customers/1/cart/1",
							"protocol": "http",
							"host": [
								"localhost"
							],
							"port": "8080",
							"path": [
								"w2046446_Bookstore_CW",
								"rest",
								"customers",
								"1",
								"cart",
								"1"
							]
						}
					},
					"response": []
				},
				{
					"name": "Update book that’s not in the cart",
					"request": {
						"method": "PUT",
						"header": [],
						"body": {
							"mode": "raw",
							"raw": "{ \"quantity\": 3 }",
							"options": {
								"raw": {
									"language": "json"
								}
							}
						},
						"url": {
							"raw": "http://localhost:8080/w2046446_Bookstore_CW/rest/customers/1/cart/999",
							"protocol": "http",
							"host": [
								"localhost"
							],
							"port": "8080",
							"path": [
								"w2046446_Bookstore_CW",
								"rest",
								"customers",
								"1",
								"cart",
								"999"
							]
						}
					},
					"response": []
				},
				{
					"name": "Update cart for non-existent customer",
					"request": {
						"method": "PUT",
						"header": [],
						"body": {
							"mode": "raw",
							"raw": "{ \"quantity\": 3 }",
							"options": {
								"raw": {
									"language": "json"
								}
							}
						},
						"url": {
							"raw": "http://localhost:8080/w2046446_Bookstore_CW/rest/customers/999/cart/1",
							"protocol": "http",
							"host": [
								"localhost"
							],
							"port": "8080",
							"path": [
								"w2046446_Bookstore_CW",
								"rest",
								"customers",
								"999",
								"cart",
								"1"
							]
						}
					},
					"response": []
				},
				{
					"name": "Update item with out-of-stock quantity",
					"request": {
						"method": "PUT",
						"header": [],
						"body": {
							"mode": "raw",
							"raw": "{ \"quantity\": 1000 }",
							"options": {
								"raw": {
									"language": "json"
								}
							}
						},
						"url": {
							"raw": "http://localhost:8080/w2046446_Bookstore_CW/rest/customers/1/cart/1",
							"protocol": "http",
							"host": [
								"localhost"
							],
							"port": "8080",
							"path": [
								"w2046446_Bookstore_CW",
								"rest",
								"customers",
								"1",
								"cart",
								"1"
							]
						}
					},
					"response": []
				},
				{
					"name": "Delete item from cart",
					"request": {
						"method": "DELETE",
						"header": [],
						"url": {
							"raw": "http://localhost:8080/w2046446_Bookstore_CW/rest/customers/1/cart/1",
							"protocol": "http",
							"host": [
								"localhost"
							],
							"port": "8080",
							"path": [
								"w2046446_Bookstore_CW",
								"rest",
								"customers",
								"1",
								"cart",
								"1"
							]
						}
					},
					"response": []
				},
				{
					"name": "Delete non-existent book from cart",
					"request": {
						"method": "DELETE",
						"header": [],
						"url": {
							"raw": "http://localhost:8080/w2046446_Bookstore_CW/rest/customers/1/cart/999",
							"protocol": "http",
							"host": [
								"localhost"
							],
							"port": "8080",
							"path": [
								"w2046446_Bookstore_CW",
								"rest",
								"customers",
								"1",
								"cart",
								"999"
							]
						}
					},
					"response": []
				},
				{
					"name": "Delete item for invalid customer",
					"request": {
						"method": "DELETE",
						"header": [],
						"url": {
							"raw": "http://localhost:8080/w2046446_Bookstore_CW/rest/customers/999/cart/1",
							"protocol": "http",
							"host": [
								"localhost"
							],
							"port": "8080",
							"path": [
								"w2046446_Bookstore_CW",
								"rest",
								"customers",
								"999",
								"cart",
								"1"
							]
						}
					},
					"response": []
				}
			]
		},
		{
			"name": "Order Resource",
			"item": [
				{
					"name": "Place order with valid cart",
					"request": {
						"method": "POST",
						"header": [],
						"url": {
							"raw": "http://localhost:8080/w2046446_Bookstore_CW/rest/customers/1/orders",
							"protocol": "http",
							"host": [
								"localhost"
							],
							"port": "8080",
							"path": [
								"w2046446_Bookstore_CW",
								"rest",
								"customers",
								"1",
								"orders"
							]
						}
					},
					"response": []
				},
				{
					"name": "Place order for invalid customer",
					"request": {
						"method": "POST",
						"header": [],
						"url": {
							"raw": "http://localhost:8080/w2046446_Bookstore_CW/rest/customers/999/orders",
							"protocol": "http",
							"host": [
								"localhost"
							],
							"port": "8080",
							"path": [
								"w2046446_Bookstore_CW",
								"rest",
								"customers",
								"999",
								"orders"
							]
						}
					},
					"response": []
				},
				{
					"name": "Place order with empty cart",
					"request": {
						"method": "POST",
						"header": [],
						"url": {
							"raw": "http://localhost:8080/w2046446_Bookstore_CW/rest/customers/2/orders",
							"protocol": "http",
							"host": [
								"localhost"
							],
							"port": "8080",
							"path": [
								"w2046446_Bookstore_CW",
								"rest",
								"customers",
								"2",
								"orders"
							]
						}
					},
					"response": []
				},
				{
					"name": "Get all orders for a valid customer",
					"request": {
						"method": "GET",
						"header": [],
						"url": {
							"raw": "http://localhost:8080/w2046446_Bookstore_CW/rest/customers/1/orders",
							"protocol": "http",
							"host": [
								"localhost"
							],
							"port": "8080",
							"path": [
								"w2046446_Bookstore_CW",
								"rest",
								"customers",
								"1",
								"orders"
							]
						}
					},
					"response": []
				},
				{
					"name": "Get orders for non-existent customer",
					"request": {
						"method": "GET",
						"header": [],
						"url": {
							"raw": "http://localhost:8080/w2046446_Bookstore_CW/rest/customers/999/orders",
							"protocol": "http",
							"host": [
								"localhost"
							],
							"port": "8080",
							"path": [
								"w2046446_Bookstore_CW",
								"rest",
								"customers",
								"999",
								"orders"
							]
						}
					},
					"response": []
				},
				{
					"name": "Get order by valid ID",
					"request": {
						"method": "GET",
						"header": [],
						"url": {
							"raw": "http://localhost:8080/w2046446_Bookstore_CW/rest/customers/1/orders/1",
							"protocol": "http",
							"host": [
								"localhost"
							],
							"port": "8080",
							"path": [
								"w2046446_Bookstore_CW",
								"rest",
								"customers",
								"1",
								"orders",
								"1"
							]
						}
					},
					"response": []
				},
				{
					"name": "Get order by invalid ID",
					"request": {
						"method": "GET",
						"header": [],
						"url": {
							"raw": "http://localhost:8080/w2046446_Bookstore_CW/rest/customers/1/orders/999",
							"protocol": "http",
							"host": [
								"localhost"
							],
							"port": "8080",
							"path": [
								"w2046446_Bookstore_CW",
								"rest",
								"customers",
								"1",
								"orders",
								"999"
							]
						}
					},
					"response": []
				},
				{
					"name": "Get order with valid ID but invalid customer",
					"request": {
						"method": "GET",
						"header": [],
						"url": {
							"raw": "http://localhost:8080/w2046446_Bookstore_CW/rest/customers/999/orders/1",
							"protocol": "http",
							"host": [
								"localhost"
							],
							"port": "8080",
							"path": [
								"w2046446_Bookstore_CW",
								"rest",
								"customers",
								"999",
								"orders",
								"1"
							]
						}
					},
					"response": []
				}
			]
		}
	]
}